price,bedrooms,bathrooms,floorsize,address
"$843,900",2 bds,3 ba,"1,351 sqft","2045 Beloit Ave APT 303, Los Angeles, CA 90025"
"$303,900",2 bds,1 ba,861 sqft,"2765 Terrace Pine Dr UNIT A, San Diego, CA 92173"
"$824,900",2 bds,2 ba,"1,324 sqft","12130 Ohio Ave APT 102, Los Angeles, CA 90025"
"$637,900",3 bds,2 ba,"1,242 sqft","930 Via Mil Cumbres UNIT 27, Solana Beach, CA 92075"
"$319,900",1 bd,1 ba,609 sqft,"4185 Louisiana St APT 3, San Diego, CA 92104"
"$494,900",1 bd,1 ba,604 sqft,"968 Larrabee St APT 116, West Hollywood, CA 90069"
"$498,900",2 bds,2 ba,976 sqft,"8120 E Venice Way, Anaheim, CA 92808"
"$338,900",2 bds,2 ba,915 sqft,"2450 San Gabriel Way UNIT 206, Corona, CA 92882"
"$524,900",3 bds,3 ba,"1,256 sqft","28411 Boulder Dr, Trabuco Canyon, CA 92679"
"$419,900",3 bds,2 ba,"1,052 sqft","212 S Kraemer Blvd UNIT 610, Placentia, CA 92870"
"$260,900",1 bd,1 ba,758 sqft,"10001 Woodcreek Oaks Blvd UNIT 1613, Roseville, CA 95747"
"$554,900",2 bds,2 ba,"1,357 sqft","7916 E Christopher Ct, Anaheim, CA 92808"
"$359,900",2 bds,1 ba,678 sqft,"2840 C St UNIT 3, San Diego, CA 92102"
"$404,900",1 bd,1 ba,716 sqft,"215 Wichita Ave APT 402, Huntington Beach, CA 92648"
"$605,300",2 bds,3 ba,"1,324 sqft","1003 Terra Bella, Irvine, CA 92602"
"$387,900",3 bds,2 ba,"1,014 sqft","1000 S Mollison Ave UNIT 13, El Cajon, CA 92020"
"$605,900",1 bd,1 ba,623 sqft,"13200 Pacific Promenade APT 219, Playa Vista, CA 90094"
"$250,000",2 bds,3 ba,"1,736 sqft","2222 S Mesa St UNIT 21, Los Angeles, CA 90731"
"$399,449",2 bds,1 ba,852 sqft,"501 Beale St UNIT 11F, San Francisco, CA 94105"
"$342,900",1 bd,1 ba,816 sqft,"24505 Town Center Dr #7214, Santa Clarita, CA 91355"
"$368,008",2 bds,2 ba,"1,196 sqft","248 Lauren Ct, San Francisco, CA 94134"
"$450,000",2 bds,2 ba,"1,112 sqft","25939 Stafford Canyon Rd UNIT E, Stevenson Ranch, CA 91381"
"$499,000",3 bds,2 ba,"1,353 sqft","7625 Reseda Blvd UNIT 302, Los Angeles, CA 91335"
"$380,000",3 bds,2 ba,"1,272 sqft","4791 Lago Dr APT 103, Huntington Beach, CA 92649"
"$380,000",2 bds,2 ba,818 sqft,"7308 Corbin Ave UNIT K, Los Angeles, CA 91335"
"$499,999",2 bds,2 ba,"1,159 sqft","14 Greenfield #3, Irvine, CA 92614"
"$290,776",1 bd,1 ba,670 sqft,"246 2nd St APT 708, San Francisco, CA 94105"
"$697,900",2 bds,2 ba,"1,295 sqft","270 Cagney Ln APT 115, Newport Beach, CA 92663"
"$549,000",3 bds,2 ba,"1,260 sqft","3841 Basilone St UNIT 2, San Diego, CA 92110"
"$439,825",3 bds,2 ba,"1,182 sqft","2501 W Sunflower Ave UNIT A5, Santa Ana, CA 92704"
"$489,000",2 bds,2 ba,"1,044 sqft","4132 Campus Ave APT 1, San Diego, CA 92103"
"$469,900",2 bds,3 ba,"1,330 sqft","8166 Cobblestone Ln #20, Midway City, CA 92655"
"$374,049",2 bds,2 ba,"1,231 sqft","34112 Via Lucca, Fremont, CA 94555"
"$369,000",2 bds,2 ba,982 sqft,"1015 N Michillinda Ave APT 102, Pasadena, CA 91107"
"$169,000",2 bds,1 ba,840 sqft,"72742 Willow St UNIT 2, Palm Desert, CA 92260"
"$759,900",2 bds,2 ba,991 sqft,"10657 Wilkins Ave APT 3, Los Angeles, CA 90024"
"$149,000",2 bds,2 ba,"1,136 sqft","24055 Paseo Del Lago W #503, Laguna Woods, CA 92637"
"$399,900",1 bd,1 ba,580 sqft,"320 S Ardmore Ave APT 226, Los Angeles, CA 90020"
"$339,000",2 bds,2 ba,"1,280 sqft","4224 Tiberon Dr, Oceanside, CA 92056"
"$695,000",2 bds,2 ba,"1,375 sqft","20 Ocean Pines Ln #20, Pebble Beach, CA 93953"
"$385,000",2 bds,2 ba,"1,019 sqft","1775 Ohio Ave UNIT 209, Long Beach, CA 90804"
"$635,000",2 bds,2 ba,"1,030 sqft","75 Hemlock Ln, Santa Barbara, CA 93111"
"$353,900",2 bds,2 ba,916 sqft,"2924 Anawood Way, Spring Valley, CA 91978"
"$589,000",3 bds,3 ba,"1,267 sqft","71 Calle De Los Ninos, Rancho Santa Margarita, CA 92688"
"$388,000",2 bds,2 ba,"1,330 sqft","38397 Gazania Cir, Palm Desert, CA 92211"
"$259,000",2 bds,2 ba,"1,177 sqft","40255 Baltusrol Cir #6, Palm Desert, CA 92211"
"$499,000",3 bds,1 ba,"1,104 sqft","2920 25th St, San Francisco, CA 94110"
"$624,900",4 bds,4 ba,"1,408 sqft","105 S Marguerita Ave APT D, Alhambra, CA 91801"
"$295,000",3 bds,2 ba,"1,157 sqft","160 Gaitano Dr, Palmdale, CA 93550"
"$428,000",3 bds,2 ba,"1,431 sqft","3403 Meadow Brk #34, Costa Mesa, CA 92626"
"$385,000",2 bds,2 ba,916 sqft,"20702 El Toro Rd APT 400, Lake Forest, CA 92630"
"$460,000",3 bds,3 ba,"1,219 sqft","11539 Lower Azusa Rd UNIT D, El Monte, CA 91732"
"$379,900",2 bds,2 ba,"1,085 sqft","8892 Katella Ave #4, Anaheim, CA 92804"
"$675,000",2 bds,3 ba,"1,638 sqft","4557 Haskell Ave APT 302, Los Angeles, CA 91436"
"$388,000",3 bds,3 ba,"1,245 sqft","412 Corte Blanco, Upland, CA 91786"
"$389,000",3 bds,2 ba,"1,257 sqft","1901 W Greenleaf Ave APT B, Anaheim, CA 92801"
"$689,000",2 bds,2 ba,919 sqft,"2550 S Centinela Ave, Los Angeles, CA 90064"
"$699,000",3 bds,3 ba,"2,204 sqft","54850 Tanglewood, La Quinta, CA 92253"
"$450,000",3 bds,2 ba,"1,626 sqft","2935 Newgate Ct, Riverside, CA 92506"
"$349,000",2 bds,1 ba,910 sqft,"2010 Miramar Walk, Oxnard, CA 93035"
"$389,900",3 bds,2 ba,"1,465 sqft","10648 Pleasant Valley Cir, Stockton, CA 95209"
"$1,245,000",3 bds,3 ba,"1,885 sqft","1540 Amherst Ave APT 201, Los Angeles, CA 90025"
"$1,249,000",3 bds,3 ba,"1,883 sqft","11803 Goshen Ave APT 101, Los Angeles, CA 90049"
"$575,000",2 bds,2 ba,922 sqft,"933 Catkin Ct, San Jose, CA 95128"
"$259,000",2 bds,2 ba,"1,270 sqft","196 Paseo Bravo, Palm Desert, CA 92211"
"$320,000",2 bds,3 ba,"1,585 sqft","38915 Paseo Corta, Murrieta, CA 92563"
"$434,900",2 bds,2 ba,"1,113 sqft","6314 Friars Rd UNIT 301, San Diego, CA 92108"
"$77,000",1 bd,1 ba,677 sqft,"21325 Lake Shore Dr APT 31, California City, CA 93505"
"$440,000",2 bds,3 ba,"2,278 sqft","6335 Via Stasera, Palm Desert, CA 92260"
"$450,000",3 bds,2 ba,"1,351 sqft","2000 S Escondido Blvd UNIT 21, Escondido, CA 92025"
"$325,000",3 bds,2 ba,"2,328 sqft","2809 Hillcrest St, Atwater, CA 95301"
"$335,000",3 bds,3 ba,"1,987 sqft","2222 S Mesa St UNIT 3, San Pedro, CA 90731"
"$450,000",3 bds,1 ba,"1,584 sqft","2001 Waudman Ave, Stockton, CA 95209"
"$375,000",2 bds,2 ba,"1,194 sqft","8892 Katella Ave UNIT A1, Anaheim, CA 92804"
"$545,000",2 bds,2 ba,"1,005 sqft","4045 Carmel View Rd UNIT 89, San Diego, CA 92130"
"$300,000",3 bds,2 ba,"1,659 sqft","1150 E Palm Canyon Dr UNIT 5, Palm Springs, CA 92264"
"$790,000",3 bds,3 ba,"1,692 sqft","350 S Norton Ave APT H, Los Angeles, CA 90020"
"$319,000",2 bds,2 ba,"1,225 sqft","520 Wilshire Ct, Chico, CA 95973"
"$549,950",3 bds,4 ba,"3,075 sqft","10019 Sunningdale Dr, Rancho Mirage, CA 92270"
"$229,000",2 bds,2 ba,"1,320 sqft","72398 Ridgecrest Ln, Palm Desert, CA 92260"
"$369,900",2 bds,1 ba,770 sqft,"2736 B St UNIT 205, San Diego, CA 92102"
"$339,000",2 bds,2 ba,840 sqft,"4855 Cole St, San Diego, CA 92117"
"$549,950",3 bds,2 ba,"1,842 sqft","4940 Topaz Ave, Rocklin, CA 95677"
"$595,000",1 bd,1 ba,447 sqft,"595 12th Ave APT 11, San Francisco, CA 94118"
"$359,900",4 bds,3 ba,"2,212 sqft","14615 Spanish Bay Way, Chowchilla, CA 93610"
"$339,000",2 bds,2 ba,916 sqft,"3041 Charwood Ct, Spring Valley, CA 91978"
"$398,000",2 bds,3 ba,969 sqft,"3902 Penn Mar Ave APT 101, El Monte, CA 91732"
"$400,000",2 bds,2 ba,"1,020 sqft","5026 Collwood Way UNIT 74, San Diego, CA 92115"
"$329,000",2 bds,2 ba,"1,166 sqft","16551 Grunion Ln #202, Huntington Beach, CA 92649"
"$624,900",2 bds,2 ba,"1,103 sqft","206 Park Blvd UNIT 703, San Diego, CA 92101"
"$589,000",2 bds,2 ba,965 sqft,"350 K St UNIT 414, San Diego, CA 92101"
"$474,000",2 bds,3 ba,"1,106 sqft","1155 S Leland St APT 1, Los Angeles, CA 90731"
"$360,000",2 bds,2 ba,"1,600 sqft","7054 Espana Dr, Riverside, CA 92504"
"$175,000",3 bds,2 ba,"1,324 sqft","1025 N Tippecanoe Ave UNIT 146, San Bernardino, CA 92410"
"$389,000",3 bds,2 ba,"1,162 sqft","2973 Janet Dr, West Sacramento, CA 95691"
"$349,000",2 bds,2 ba,973 sqft,"8609 Lake Murray Blvd UNIT 11, San Diego, CA 92119"
"$799,000",2 bds,1 ba,856 sqft,"331 Brooks Ave #4, Venice, CA 90291"
"$899,000",2 bds,2 ba,"1,572 sqft","200 Harbor Dr UNIT 901, San Diego, CA 92101"
"$355,000",2 bds,2 ba,912 sqft,"10291 Bell Gardens Dr UNIT 7, Santee, CA 92071"
"$179,000",2 bds,2 ba,885 sqft,"2700 Golf Club Dr APT 64, Palm Springs, CA 92264"
"$561,000",2 bds,2 ba,"1,171 sqft","7 Greenmoor #19, Irvine, CA 92614"
"$349,900",2 bds,2 ba,912 sqft,"9840 Shirley Gardens Dr UNIT 2, Santee, CA 92071"
"$405,000",2 bds,3 ba,"1,466 sqft","1035 Villorrio Dr N, Palm Springs, CA 92262"
"$449,900",3 bds,3 ba,"1,336 sqft","13333 Citicourt Ln, Whittier, CA 90602"
"$299,900",2 bds,3 ba,"1,109 sqft","223 S Acacia Ave APT 214, Compton, CA 90220"
"$1,995,000",4 bds,3 ba,"2,403 sqft","909 Central Ave, San Francisco, CA 94115"
"$625,000",3 bds,2 ba,"1,353 sqft","210 Village Bay #1, Lake Arrowhead, CA 92352"
"$27,000,000",4 bds,8 ba,"9,290 sqft","1 W Century Dr PH 40, Los Angeles, CA 90067"
"$410,000",2 bds,2 ba,"1,040 sqft","620 W Lambert Rd UNIT 6, La Habra, CA 90631"
"$679,000",3 bds,1 ba,874 sqft,"1264A Golden Gate Ave, San Francisco, CA 94115"
"$395,000",2 bds,2 ba,820 sqft,"623 Walnut Ave APT 9, Long Beach, CA 90802"
"$475,000",3 bds,3 ba,"2,830 sqft","625 Hospitality Dr, Rancho Mirage, CA 92270"
"$310,000",2 bds,1 ba,836 sqft,"321 Rancho Dr UNIT 38, Chula Vista, CA 91911"
"$430,647",3 bds,2 ba,"1,382 sqft","49002 Cinnamon Fern Cmn UNIT 312, Fremont, CA 94539"
"$875,000",2 bds,2 ba,"1,387 sqft","1325 Pacific Hwy UNIT 506, San Diego, CA 92101"
"$699,000",2 bds,2 ba,894 sqft,"538 Avenue A APT 5, Redondo Beach, CA 90277"
"$270,000",2 bds,1 ba,854 sqft,"1547 Broadway UNIT 39, Chula Vista, CA 91911"
"$499,900",3 bds,4 ba,"2,182 sqft","763 Box Canyon Trl, Palm Desert, CA 92211"
"$345,000",2 bds,1 ba,830 sqft,"1485 Obispo Ave APT 8, Long Beach, CA 90804"
"$1,288,888",4 bds,3 ba,"2,814 sqft","123 Stellar, Irvine, CA 92618"
"$879,999",2 bds,2 ba,"1,249 sqft","2385 Roscomare Rd UNIT E10, Los Angeles, CA 90077"
"$615,000",4 bds,3 ba,"1,993 sqft","1823 Casa Morro St UNIT 19, Chula Vista, CA 91915"
"$735,000",2 bds,2 ba,"1,106 sqft","12030 Rochester Ave APT 103, Los Angeles, CA 90025"
"$275,000",2 bds,1 ba,906 sqft,"3660 Vista Campana N UNIT 20, Oceanside, CA 92057"
"$995,000",3 bds,2 ba,"1,469 sqft","1447 Manhattan Beach Blvd #5, Manhattan Beach, CA 90266"
"$533,786",2 bds,1 ba,783 sqft,"330 Berry St UNIT 407, San Francisco, CA 94158"
"$799,000",2 bds,2 ba,"1,123 sqft","950 N Kings Rd UNIT 324, West Hollywood, CA 90069"
"$218,000",2 bds,2 ba,"1,165 sqft","6979 Palm Ct APT 110, Riverside, CA 92506"
"$240,000",2 bds,2 ba,"1,169 sqft","2115 El Domingo Cir, Lancaster, CA 93536"
"$350,000",2 bds,3 ba,"1,179 sqft","8732 Pinecrest Pl, Rancho Cucamonga, CA 91730"
"$334,000",3 bds,4 ba,"1,560 sqft","5301 E Commerce Way UNIT 70104, Sacramento, CA 95835"
"$310,000",3 bds,2 ba,"1,072 sqft","233 Quadra Ave, Rio Linda, CA 95673"
"$556,340",3 bds,2 ba,"1,018 sqft","513 Palisades Dr, Pacific Palisades, CA 90272"
"$359,900",2 bds,2 ba,944 sqft,"420 Stoney Point Way UNIT 114, Oceanside, CA 92058"
"$315,900",2 bds,2 ba,952 sqft,"6100 Rugby Ave UNIT 108, Huntington Park, CA 90255"
"$2,895,000",3 bds,2 ba,"1,900 sqft","2459 Buchanan St, San Francisco, CA 94115"
"$379,000",2 bds,2 ba,"1,595 sqft","1329 E Amado Rd, Palm Springs, CA 92262"
"$299,900",3 bds,2 ba,"1,428 sqft","6762 Bertran Ct, Citrus Heights, CA 95621"
"$735,000",3 bds,4 ba,"1,777 sqft","284 Novel, Irvine, CA 92618"
"$815,000",2 bds,2 ba,"1,432 sqft","4407 Francis Ave APT 301, Los Angeles, CA 90005"
"$450,000",2 bds,3 ba,"1,385 sqft","685 N Lark Ellen Ave, Covina, CA 91722"
"$450,000",4 bds,3 ba,"1,278 sqft","356 Cherry Hills Ln, Azusa, CA 91702"
"$399,900",3 bds,2 ba,"1,200 sqft","21702 Jack Pl, Santa Clarita, CA 91350"
"$415,000",3 bds,2 ba,"1,693 sqft","33 Leon Way, Rancho Mirage, CA 92270"
"$309,999",3 bds,3 ba,"1,475 sqft","40160 La Cota Dr, Palmdale, CA 93550"
"$309,999",3 bds,3 ba,"1,633 sqft","30505 Canyon Hills Rd UNIT 1601, Lake Elsinore, CA 92532"
"$409,500",3 bds,2 ba,"1,018 sqft","729 S Knott Ave APT 208, Anaheim, CA 92804"
"$255,000",1 bd,2 ba,712 sqft,"5460 White Oak Ave UNIT E314, Encino, CA 91316"
"$749,000",2 bds,2 ba,"1,268 sqft","8180 Manitoba St APT 106, Los Angeles, CA 90293"
"$625,000",2 bds,2 ba,"1,180 sqft","901 Caminito Estrada UNIT C, Carlsbad, CA 92011"
"$461,700",2 bds,3 ba,"1,476 sqft","6466 Hollis St UNIT 325, Emeryville, CA 94608"
"$488,000",3 bds,2 ba,"1,574 sqft","1191 N Diamond Bar Blvd, Diamond Bar, CA 91765"
"$815,000",4 bds,3 ba,"1,887 sqft","19 Bradford, Irvine, CA 92602"
"$399,000",2 bds,2 ba,"1,622 sqft","45400 Driftwood Dr, Palm Desert, CA 92260"
"$319,900",3 bds,3 ba,"1,565 sqft","30505 Canyon Hills Rd UNIT 1702, Lake Elsinore, CA 92532"
"$338,000",2 bds,2 ba,"1,340 sqft","31078 Strawberry Tree Ln #7, Temecula, CA 92592"
"$499,000",2 bds,1 ba,894 sqft,"7037 La Tijera Blvd APT C202, Los Angeles, CA 90045"
"$710,000",3 bds,2 ba,"1,050 sqft","1550 Ofarrell St APT 6, San Francisco, CA 94115"
"$129,000",3 bds,2 ba,"1,682 sqft","7233 Amador Ct, Corning, CA 96021"
"$529,000",2 bds,2 ba,"1,098 sqft","605 N Louise St UNIT 208, Glendale, CA 91206"
"$369,900",3 bds,2 ba,"1,052 sqft","790 Simpson Pl, Santa Rosa, CA 95401"
"$255,000",2 bds,2 ba,"1,478 sqft","67694 Duke Rd UNIT 105, Cathedral City, CA 92234"
"$399,000",3 bds,2 ba,"1,075 sqft","4109 Carol Dr UNIT C, Fullerton, CA 92833"
"$335,000",2 bds,2 ba,"1,048 sqft","2365 S Reservoir St #32, Pomona, CA 91766"
"$292,001",Studio,1 ba,383 sqft,"1515 15th St APT 401, San Francisco, CA 94103"
"$998,000",2 bds,1 ba,"1,024 sqft","275 Burnett Ave APT 8, San Francisco, CA 94131"
"$420,000",3 bds,2 ba,"1,236 sqft","242 Lindell Ave, El Cajon, CA 92020"
"$390,000",3 bds,3 ba,"1,458 sqft","241 E Cottonwood St, Ontario, CA 91761"
"$885,000",2 bds,3 ba,"1,210 sqft","700 E Union St UNIT 207, Pasadena, CA 91101"
"$390,000",3 bds,3 ba,"1,286 sqft","7210 Hermosa Ave, Rancho Cucamonga, CA 91701"
"$385,000",2 bds,2 ba,"1,183 sqft","10571 Lakeside Dr S UNIT D, Garden Grove, CA 92840"
"$1,799,000",4 bds,4 ba,"2,508 sqft","10575 Ashton Ave APT 103, Los Angeles, CA 90024"
"$399,900",2 bds,2 ba,"1,245 sqft","300 S Prospectors Rd UNIT 28, Diamond Bar, CA 91765"
"$375,000",2 bds,2 ba,"1,018 sqft","334 Gladys Ave APT 205, Long Beach, CA 90814"
"$375,000",2 bds,2 ba,813 sqft,"2321 Highbury Ave APT 56, Los Angeles, CA 90032"
"$510,000",2 bds,2 ba,"1,016 sqft","214 Via Robina APT 1, San Clemente, CA 92672"
"$450,000",3 bds,2 ba,"1,287 sqft","50 Belvedere Ct, Napa, CA 94559"
"$688,000",3 bds,3 ba,"1,601 sqft","76 Chula Vista #88, Irvine, CA 92602"
"$465,000",2 bds,2 ba,"1,291 sqft","127 N Eucalyptus Ave APT 12, Inglewood, CA 90301"
"$674,950",3 bds,3 ba,"1,560 sqft","5016 Bakman Ave UNIT 303, North Hollywood, CA 91601"
"$319,900",2 bds,2 ba,"1,117 sqft","245 Calle Aragon UNIT D, Laguna Woods, CA 92637"
"$527,000",2 bds,2 ba,"1,111 sqft","912 Shady Oak Dr, Santa Rosa, CA 95404"
"$325,000",3 bds,3 ba,"1,058 sqft","441 Lighthouse Dr, Vallejo, CA 94590"
"$325,000",2 bds,2 ba,"1,370 sqft","3660 S Bear St UNIT G, Santa Ana, CA 92704"
"$479,900",2 bds,2 ba,"1,300 sqft","3115 Merrill Dr APT 57, Torrance, CA 90503"
"$610,000",Studio,1 ba,500 sqft,"2485 Filbert St APT B, San Francisco, CA 94123"
"$169,500",2 bds,1 ba,856 sqft,"700 Mccoy Ct APT 37, Lodi, CA 95240"
"$484,000",3 bds,3 ba,"1,713 sqft","7605 Princess Diana Ct, Vallejo, CA 94591"
"$274,987",2 bds,1 ba,718 sqft,"400 E Geary St, Stockton, CA 95204"
"$459,000",3 bds,2 ba,"1,436 sqft","7442 Hazeltine Ave APT 203, Los Angeles, CA 91405"
"$1,595,000",2 bds,3 ba,"1,920 sqft","1111 S Grand Ave PENTHOUSE 2, Los Angeles, CA 90015"
"$384,999",2 bds,3 ba,"1,480 sqft","1760 E Palomar St UNIT 319, Chula Vista, CA 91913"
"$798,000",2 bds,2 ba,"1,583 sqft","3131 Michelson Dr UNIT 807, Irvine, CA 92612"
"$559,888",3 bds,2 ba,"1,197 sqft","3417 Virgo Ln, San Jose, CA 95111"
"$3,400,000",3 bds,3 ba,"1,725 sqft","2975 Ocean Front Walk #3, San Diego, CA 92109"
"$190,000",1 bd,1 ba,762 sqft,"28661 Via Las Flores UNIT 314, Murrieta, CA 92563"
"$306,727",2 bds,1 ba,732 sqft,"14660 Via Fiesta UNIT 4, San Diego, CA 92127"
"$579,000",2 bds,2 ba,"1,071 sqft","320 Via Casitas APT 110, Greenbrae, CA 94904"
"$560,000",3 bds,3 ba,"1,791 sqft","9253 Cedros Ave, Panorama City, CA 91402"
"$560,000",3 bds,3 ba,"1,791 sqft","9253 Cedros Ave, Panorama City, CA 91402"
"$250,000",3 bds,2 ba,"1,103 sqft","8210 Union House Way, Sacramento, CA 95823"
"$379,000",1 bd,2 ba,875 sqft,"2235 W 25th St UNIT 103, Los Angeles, CA 90732"
"$359,999",3 bds,2 ba,"1,273 sqft","1233 Lenwood Sq, Upland, CA 91786"
"$334,999",3 bds,3 ba,"1,292 sqft","1112 S Cypress Ave APT 22, Ontario, CA 91762"
"$275,600",2 bds,2 ba,582 sqft,"3796 Alabama St #A102, San Diego, CA 92104"
"$421,191",2 bds,1 ba,"1,117 sqft","1740 Bancroft Ave UNIT 357, San Francisco, CA 94124"
"$259,000",2 bds,2 ba,"1,034 sqft","6205 Paseo De La Palma, Palm Springs, CA 92264"
"$435,000",2 bds,3 ba,"1,324 sqft","8636 Mission San Carlos Dr UNIT 51, Santee, CA 92071"
"$212,900",2 bds,2 ba,"1,818 sqft","79005 Bayside Ct, Bermuda Dunes, CA 92203"
"$555,000",3 bds,2 ba,"1,430 sqft","5845 Friars Rd APT 1416, San Diego, CA 92110"
"$290,000",1 bd,1 ba,605 sqft,"11450 Via Rancho San Diego UNIT 187, El Cajon, CA 92019"
"$294,950",3 bds,2 ba,"1,168 sqft","5201 Laguna Oaks Dr UNIT 106, Elk Grove, CA 95758"
"$365,000",2 bds,2 ba,984 sqft,"450 Occidental Cir, Santa Rosa, CA 95401"
"$995,000",3 bds,2 ba,"1,951 sqft","7044 Via Valverde, San Jose, CA 95135"
"$599,000",3 bds,3 ba,"1,430 sqft","15 Piara St, Rancho Mission Viejo, CA 92694"
"$489,900",2 bds,2 ba,897 sqft,"4494 Mentone St UNIT 14, San Diego, CA 92107"
"$150,000",2 bds,2 ba,"1,148 sqft","28881 Shannon Ct, Tehachapi, CA 93561"
"$285,000",2 bds,2 ba,"1,193 sqft","1900 Danbrook Dr UNIT 513, Sacramento, CA 95835"
"$799,000",3 bds,3 ba,"1,617 sqft","11251 1/2 Hatteras St, North Hollywood, CA 91601"
"$1,250,000",3 bds,2 ba,"1,392 sqft","479 Vallejo St, San Francisco, CA 94133"
"$649,999",2 bds,2 ba,"1,177 sqft","2200 Agnew Rd APT 312, Santa Clara, CA 95054"
"$309,000",2 bds,1 ba,"1,100 sqft","1740 Interlachen Rd APT 39F, Seal Beach, CA 90740"
"$349,000",2 bds,2 ba,923 sqft,"5349 Newcastle Ave APT 67, Los Angeles, CA 91316"
"$299,500",3 bds,1 ba,"1,104 sqft","3841 Jasmine St, Sacramento, CA 95838"
"$399,000",3 bds,3 ba,"1,781 sqft","7223 Cristina Villa Ct, Highland, CA 92346"
"$518,888",2 bds,2 ba,"1,348 sqft","5249 Cribari Hls, San Jose, CA 95135"
"$612,000",2 bds,3 ba,"1,260 sqft","12606 Burbank Blvd APT 3, Los Angeles, CA 91607"
"$384,900",3 bds,2 ba,"1,759 sqft","26 Maximo Way, Palm Desert, CA 92260"
"$610,000",2 bds,2 ba,989 sqft,"5437 Makati Cir, San Jose, CA 95123"
"$955,000",4 bds,5 ba,"2,986 sqft","56585 Riviera, La Quinta, CA 92253"
"$399,500",3 bds,2 ba,"1,584 sqft","604 Green River St, Oxnard, CA 93036"
"$409,800",2 bds,2 ba,"1,098 sqft","7671 Mission Gorge Rd UNIT 92, San Diego, CA 92120"
"$729,500",2 bds,3 ba,"1,139 sqft","1240 India St UNIT 1906, San Diego, CA 92101"
"$589,999",1 bd,1 ba,-- sqft,"3065 Clay St APT A, San Francisco, CA 94115"
"$899,000",3 bds,2 ba,"1,444 sqft","11938 Courtleigh Dr APT 8, Los Angeles, CA 90066"
"$1,249,000",3 bds,3 ba,"1,854 sqft","1601 N Fuller Ave APT 602, Los Angeles, CA 90046"
"$399,999",2 bds,2 ba,"1,008 sqft","1449 Water Lily Dr UNIT 6, Chula Vista, CA 91913"
"$355,000",2 bds,3 ba,"1,581 sqft","33 Majorca Dr, Rancho Mirage, CA 92270"
"$400,000",2 bds,1 ba,650 sqft,"4387 Illinois St UNIT 4, San Diego, CA 92104"
"$499,000",3 bds,2 ba,"1,104 sqft","2738 Via Tulipan, Carlsbad, CA 92010"
"$199,900",2 bds,2 ba,"1,137 sqft","86 Ishi Cir, Sacramento, CA 95833"
"$685,000",2 bds,2 ba,985 sqft,"740 Mandalay Beach Rd, Oxnard, CA 93035"
"$333,004",1 bd,1 ba,795 sqft,"140 S Van Ness Ave UNIT 203, San Francisco, CA 94103"
"$375,000",3 bds,3 ba,"1,803 sqft","73476 Foxtail Ln, Palm Desert, CA 92260"
"$599,000",2 bds,1 ba,842 sqft,"2987 Mission St APT 301, San Francisco, CA 94110"
"$1,018,000",3 bds,3 ba,"1,727 sqft","814 Font Ter, San Jose, CA 95126"
"$240,000",1 bd,1 ba,506 sqft,"901 Bay Shore Blvd APT 206, San Francisco, CA 94124"
"$1,100,000",2 bds,2 ba,"1,154 sqft","600 Chestnut St APT 204, San Francisco, CA 94133"
"$315,000",2 bds,1 ba,756 sqft,"4336 College Ave, San Diego, CA 92115"
"$595,000",1 bd,2 ba,835 sqft,"11767 W Sunset Blvd APT 106, Los Angeles, CA 90049"
"$1,589,000",3 bds,2 ba,"1,409 sqft","501 Mississippi St #2, San Francisco, CA 94107"
"$1,049,000",2 bds,2 ba,984 sqft,"4183 17th St, San Francisco, CA 94114"
"$425,000",2 bds,2 ba,895 sqft,"534 W Dunton Ave #32, Orange, CA 92865"
"$685,000",1 bd,1 ba,643 sqft,"1043 12th St APT 1, Santa Monica, CA 90403"
"$995,000",2 bds,2 ba,"1,222 sqft","2401 44th Ave UNIT 5, San Francisco, CA 94116"
"$995,000",2 bds,2 ba,983 sqft,"1635 California St APT 61, San Francisco, CA 94109"
"$349,900",2 bds,2 ba,870 sqft,"18350 Hatteras St APT 232, Tarzana, CA 91356"
"$629,000",1 bd,1 ba,784 sqft,"825 La Playa St APT 227, San Francisco, CA 94121"
"$459,000",2 bds,2 ba,"1,032 sqft","2525 E 19th St APT 32, Signal Hill, CA 90755"
"$1,099,000",3 bds,2 ba,"1,288 sqft","2681 Mcallister St, San Francisco, CA 94118"
"$200,000",2 bds,1 ba,841 sqft,"1223 Bonanza Ave APT 4, South Lake Tahoe, CA 96150"
"$899,000",2 bds,2 ba,"1,100 sqft","611 Carolina St, San Francisco, CA 94107"
"$1,448,000",2 bds,2 ba,"1,625 sqft","1205 Pacific Hwy #2902, San Diego, CA 92101"
"$599,000",2 bds,2 ba,849 sqft,"6201 Minaret Rd #2121, Mammoth Lakes, CA 93546"
"$399,000",2 bds,2 ba,"1,015 sqft","6342 Morse Ave APT 206, Los Angeles, CA 91606"
"$389,000",2 bds,2 ba,"1,155 sqft","16126 Cornuta Ave UNIT 114, Bellflower, CA 90706"
"$650,000",2 bds,2 ba,988 sqft,"1412 Rocklin Ct, San Jose, CA 95131"
"$389,000",1 bd,1 ba,800 sqft,"4280 Via Arbolada UNIT 339, Los Angeles, CA 90042"
"$575,000",1 bd,1 ba,728 sqft,"750 N Kings Rd APT 216, Los Angeles, CA 90069"
"$415,000",2 bds,3 ba,"1,209 sqft","809 N Spurgeon St APT 6, Santa Ana, CA 92701"
"$749,000",2 bds,3 ba,889 sqft,"1016 Hancock Ave APT 6, West Hollywood, CA 90069"
"$450,000",4 bds,2 ba,"1,497 sqft","737 N Chippewa Ave APT F, Anaheim, CA 92801"
"$440,000",2 bds,2 ba,"1,102 sqft","9933 Caminito Chirimolla, San Diego, CA 92131"
"$319,850",2 bds,2 ba,"1,307 sqft","421 E Via Ensenada Cir, Palm Springs, CA 92264"
"$1,285,000",2 bds,3 ba,"1,692 sqft","315 N Swall Dr APT 202, Beverly Hills, CA 90211"
"$669,000",2 bds,2 ba,"1,161 sqft","700 W West E, San Diego, CA 92101"
"$529,000",3 bds,3 ba,"1,642 sqft","850 E Fielding St, Azusa, CA 91702"
"$389,000",2 bds,2 ba,"1,107 sqft","376 S Miraleste Dr UNIT 418, Los Angeles, CA 90732"
"$385,000",4 bds,3 ba,"2,062 sqft","15723 Parkhouse Dr #21, Fontana, CA 92336"
"$995,000",2 bds,2 ba,"1,071 sqft","4455 Los Feliz Blvd APT 708, Los Angeles, CA 90027"
"$630,000",3 bds,2 ba,"1,430 sqft","5875 Friars Rd APT 4316, San Diego, CA 92110"
"$650,000",1 bd,1 ba,700 sqft,"201 Ocean Ave UNIT 1508B, Santa Monica, CA 90402"
"$1,199,000",2 bds,2 ba,"1,513 sqft","2412 Harrison St APT 214, San Francisco, CA 94110"
"$535,000",1 bd,1 ba,500 sqft,"725 Redondo Ct UNIT 21, San Diego, CA 92109"
"$382,800",2 bds,2 ba,939 sqft,"186 Farm Ln, Martinez, CA 94553"
"$395,000",2 bds,2 ba,910 sqft,"23839 Del Monte Dr UNIT 92, Santa Clarita, CA 91355"
"$463,670",2 bds,2 ba,"1,066 sqft","2667 5th St, Alameda, CA 94501"
"$289,000",3 bds,2 ba,"1,218 sqft","5408 7th St, Keyes, CA 95328"
"$405,000",2 bds,2 ba,"1,044 sqft","10361 Garden Grove Blvd APT 4, Garden Grove, CA 92843"
"$863,500",2 bds,1 ba,775 sqft,"21641 Wesley Dr APT A, Laguna Beach, CA 92651"
"$289,900",2 bds,2 ba,928 sqft,"461 S Lincoln Ave, El Cajon, CA 92020"
"$220,000",3 bds,2 ba,"1,440 sqft","617 W Granger Ave APT 8, Modesto, CA 95350"
"$489,900",5 bds,3 ba,"2,453 sqft","8648 Blue Maiden Way, Elk Grove, CA 95624"
"$490,681",2 bds,1 ba,781 sqft,"1875 Mission St APT 205, San Francisco, CA 94103"
"$810,000",2 bds,2 ba,970 sqft,"1440 23rd St APT 313, Santa Monica, CA 90404"
"$599,000",1 bd,2 ba,812 sqft,"6105 San Pablo Ave #204, Emeryville, CA 94608"
"$480,000",3 bds,2 ba,"1,358 sqft","4241 Pepperwood Ln, Chino Hills, CA 91709"
"$679,000",2 bds,1 ba,"1,342 sqft","1325 Masselin Ave APT 2, Los Angeles, CA 90019"
"$765,000",3 bds,3 ba,"1,443 sqft","52 Perennial, Irvine, CA 92603"
"$239,500",2 bds,2 ba,"1,016 sqft","528 Woodside Oaks APT 3, Sacramento, CA 95825"
"$630,000",3 bds,3 ba,"1,698 sqft","157 Sklar St #51, Mission Viejo, CA 92694"
"$535,000",4 bds,3 ba,"1,719 sqft","22083 Propello Dr, Santa Clarita, CA 91350"
"$345,000",2 bds,2 ba,979 sqft,"18619 Collins St APT F17, Los Angeles, CA 91356"
"$510,000",3 bds,3 ba,"1,859 sqft","23118 Yvette Ln UNIT 62, Valencia, CA 91355"
"$479,000",2 bds,1 ba,885 sqft,"933 Summerside Dr UNIT B, San Jose, CA 95122"
"$364,000",2 bds,2 ba,943 sqft,"805 Glenway Dr UNIT 104, Inglewood, CA 90302"
"$402,900",3 bds,3 ba,"1,523 sqft","27864 Avenida Avila, Temecula, CA 92592"
"$575,000",1 bd,1 ba,702 sqft,"12030 Rochester Ave APT 205, Los Angeles, CA 90025"
"$410,000",4 bds,3 ba,"1,905 sqft","2007 Black Rose Ln, Stockton, CA 95206"
"$313,990+",2 bds,3 ba,"1,012 sqft","Plan B Plan, Windrows"
"$349,999",2 bds,1 ba,926 sqft,"15312 S Normandie Ave APT 206, Gardena, CA 90247"
"$595,000",2 bds,3 ba,"1,170 sqft","2923 Ballesteros Ln, Tustin, CA 92782"
"$340,000",1 bd,1 ba,610 sqft,"21400 Burbank Blvd APT 123, Woodland Hills, CA 91367"
"$729,000",2 bds,2 ba,"1,430 sqft","3223 W 6th St UNIT 209, Los Angeles, CA 90020"
"$314,000",2 bds,2 ba,"1,121 sqft","375-182 Central Ave, Riverside, CA 92507"
"$439,000",3 bds,2 ba,"1,051 sqft","21830 S Vermont Ave UNIT 5, Lomita, CA 90502"
"$498,000",3 bds,3 ba,"1,328 sqft","130 N Moore Ave APT C, Monterey Park, CA 91754"
"$1,199,000",2 bds,2 ba,"1,312 sqft","38 N Almaden Blvd UNIT 1300, San Jose, CA 95110"
"$390,000",3 bds,3 ba,"1,268 sqft","17908 River Cir APT 6, Santa Clarita, CA 91387"
"$164,990",2 bds,2 ba,"1,100 sqft","44200 Kingtree Ave UNIT 29, Lancaster, CA 93534"
"$1,025,000",2 bds,2 ba,"1,835 sqft","1250 S Orange Grove Blvd APT 4, Pasadena, CA 91105"
"$1,550,000",3 bds,2 ba,"1,219 sqft","716 Poinsettia Ave #1/2, Corona Del Mar, CA 92625"
"$525,000",3 bds,2 ba,"1,306 sqft","8866 Tulare Dr UNIT 301G, Huntington Beach, CA 92646"
"$499,900",3 bds,2 ba,"1,234 sqft","12200 Montecito Rd APT L105, Seal Beach, CA 90740"
"$198,888",1 bd,1 ba,561 sqft,"18900 Delaware St UNIT 349, Huntington Beach, CA 92648"
"$845,000",1 bd,2 ba,"1,420 sqft","554 Manzana Pl, San Jose, CA 95112"
"$519,000",4 bds,3 ba,"2,066 sqft","6547 Eucalyptus Ave, Chino, CA 91710"
"$788,000",2 bds,2 ba,"1,507 sqft","10 Nuevo, Irvine, CA 92612"
"$545,000",2 bds,2 ba,997 sqft,"43 Fallingstar #27, Irvine, CA 92614"
"$201,815",Studio,1 ba,445 sqft,"1849 Shattuck Ave APT 302, Berkeley, CA 94709"
"$320,000",2 bds,2 ba,988 sqft,"1096 S Citron St #54, Anaheim, CA 92805"
"$215,000",2 bds,3 ba,"1,116 sqft","37940 42nd St E APT 104, Palmdale, CA 93552"
"$335,000",1 bd,1 ba,610 sqft,"5500 Owensmouth Ave APT 118, Woodland Hills, CA 91367"
"$410,000",2 bds,3 ba,"1,210 sqft","4236 Vista Del Rio Way UNIT 2, Oceanside, CA 92057"
"$290,000",2 bds,2 ba,795 sqft,"18209 Sierra Hwy UNIT 19, Santa Clarita, CA 91351"
"$968,000",2 bds,2 ba,"1,214 sqft","947 15th St APT 2, Santa Monica, CA 90403"
"$165,000",1 bd,1 ba,378 sqft,"3796 Alabama St #A-219, San Diego, CA 92104"
"$242,000",1 bd,1 ba,573 sqft,"4860 Rolando Ct UNIT 99, San Diego, CA 92115"
"$734,900",2 bds,2 ba,"1,040 sqft","436 S Virgil Ave PH 13, Los Angeles, CA 90020"
"$179,000",2 bds,1.75 ba,"1,079 sqft","1305 Yorba Linda St, Bakersfield, CA 93309"
"$425,000",2 bds,2 ba,990 sqft,"27060 Victoria Ln UNIT 113, Santa Clarita, CA 91355"
"$499,900",2 bds,2 ba,"1,154 sqft","334 Gladys Ave APT 202, Long Beach, CA 90814"
"$235,000",1 bd,1 ba,731 sqft,"2455 Village Grn, Santa Maria, CA 93455"
"$221,000",3 bds,2 ba,"1,459 sqft","69525-62 & 61 Dillon Rd #61, Desert Hot Springs, CA 92240"
"$410,000",2 bds,2 ba,973 sqft,"1552 Center Rd APT 50, Novato, CA 94947"
"$695,000",3 bds,3 ba,"1,417 sqft","230 N Nicholson Ave APT E, Monterey Park, CA 91755"
"$637,000",3 bds,3 ba,"2,448 sqft","49705 Anacapa Cir, La Quinta, CA 92253"
"$499,000",2 bds,2 ba,"1,177 sqft","4637 Willis Ave UNIT 110, Los Angeles, CA 91403"
"$429,000",1 bd,1 ba,720 sqft,"1030 E Ocean Blvd UNIT 501, Long Beach, CA 90802"
"$978,000",3 bds,2.5 ba,"1,591 sqft","207 Spire Cmn, Fremont, CA 94539"
"$359,000",2 bds,2 ba,"1,786 sqft","46225 Burroweed Ln, Palm Desert, CA 92260"
"$765,000",1 bd,1.5 ba,982 sqft,"128 Morris St APT 11, San Francisco, CA 94107"
"$309,000",1 bd,1 ba,597 sqft,"5585 E Pacific Coast Hwy UNIT 221, Long Beach, CA 90804"
"$499,999",2 bds,2 ba,"1,290 sqft","17734 Devonshire St UNIT 1, Los Angeles, CA 91325"
"$249,000",1 bd,1 ba,827 sqft,"328 S Prospectors Rd UNIT 59, Diamond Bar, CA 91765"
"$310,000",2 bds,1 ba,832 sqft,"1032 Cheyenne Way, Oxnard, CA 93033"
"$4,495,000",2 bds,3 ba,"1,755 sqft","22630 Pacific Coast Hwy APT 3, Malibu, CA 90265"
"$460,000",2 bds,2 ba,"1,071 sqft","2901 Peninsula Rd APT 331, Oxnard, CA 93035"
"$950,000",3 bds,2 ba,"1,967 sqft","5413 Via Carrizo, Laguna Woods, CA 92637"
"$1,100,000",2 bds,1 ba,777 sqft,"2621 6th St APT 5, Santa Monica, CA 90405"
"$217,000",2 bds,2 ba,"1,080 sqft","24085 Fir Ave, Moreno Valley, CA 92553"
"$624,900",3 bds,-- ba,"1,339 sqft","1604 Via Caminar, San Marcos, CA 92078"
"$1,195,000",3 bds,1.25 ba,"1,490 sqft","1628 Hayes St, San Francisco, CA 94117"
"$459,900",3 bds,2 ba,"1,200 sqft","26550 Sunvale Ct #16, Hayward, CA 94544"
"$265,000",2 bds,2 ba,862 sqft,"4013 Oakcrest Dr UNIT 10, San Diego, CA 92105"
"$374,900",2 bds,1 ba,957 sqft,"25667 Sycamore Pointe #2H, Lake Forest, CA 92630"
"$252,900",2 bds,2 ba,"1,235 sqft","1333 Allin Ln, Banning, CA 92220"
"$549,990",2 bds,2 ba,"1,130 sqft","44 Corniche Dr UNIT A, Dana Point, CA 92629"
"$250,000",2 bds,1 ba,840 sqft,"2641 Parkdale Dr, Modesto, CA 95358"
"$405,000",3 bds,1 ba,867 sqft,"16630 Chaparral Ave, Cerritos, CA 90703"
"$285,000",3 bds,2 ba,"1,570 sqft","43334 32nd St W UNIT 33, Lancaster, CA 93536"
"$699,888",3 bds,3 ba,"1,413 sqft","436 Persimmon Cmn UNIT 14, Livermore, CA 94551"
"$349,900",2 bds,2 ba,"1,130 sqft","253 Riverview Way, Oceanside, CA 92057"
"$468,000",2 bds,3 ba,"1,504 sqft","1460 Mockingbird Ct UNIT 6, Chula Vista, CA 91913"
"$420,000",2 bds,1 ba,798 sqft,"5461 Spinnaker Walkway APT 4, San Jose, CA 95123"
"$995,000",2 bds,1 ba,788 sqft,"610 Peralta Ave, San Francisco, CA 94110"
"$899,000",4 bds,4 ba,"1,944 sqft","11249 Hatteras St, North Hollywood, CA 91601"
"$309,000",3 bds,2 ba,"1,074 sqft","535 N Beech St UNIT 18, Escondido, CA 92025"
"$439,900",2 bds,2 ba,906 sqft,"1710 S El Camino Real #204-E204, Encinitas, CA 92024"
"$799,950",3 bds,2 ba,"1,242 sqft","4513 Capewood Ter, Fremont, CA 94538"
"$449,999",3 bds,3 ba,"1,456 sqft","13314 Gateway Ln #6, Whittier, CA 90602"
"$859,000",2 bds,1 ba,671 sqft,"2029 Pierce St APT 301, San Francisco, CA 94115"
"$330,000",3 bds,2 ba,"1,193 sqft","401 Beachcomber Dr #1019, Rocklin, CA 95677"
"$905,000",3 bds,4 ba,"1,922 sqft","49520 Avenida Vista Bonita, La Quinta, CA 92253"
"$565,000",2 bds,2 ba,"1,685 sqft","1229 Upland Hills Dr S, Upland, CA 91786"
"$549,950",1 bd,1 ba,"1,021 sqft","1083 Foxchase Dr, San Jose, CA 95123"
"$1,194,000",2 bds,2.5 ba,-- sqft,"3316 Scott St, San Francisco, CA 94123"
"$589,000",2 bds,2 ba,"1,180 sqft","362 Piper St, Healdsburg, CA 95448"
"$599,888",3 bds,2 ba,"1,419 sqft","554 Toyon Ave APT 11, San Jose, CA 95127"
"$599,000",2 bds,2 ba,"1,033 sqft","8516 Cadillac Ave APT 105, Los Angeles, CA 90034"
"$859,500",3 bds,2 ba,"1,707 sqft","525 S Oakland Ave UNIT 5-B, Pasadena, CA 91101"
"$405,000",2 bds,2 ba,939 sqft,"27 Redbud #124, Rancho Santa Margarita, CA 92688"
"$775,000",2 bds,2 ba,938 sqft,"1021 Hill St APT 6, Santa Monica, CA 90405"
"$998,000",2 bds,2 ba,"1,549 sqft","1065 Via Tornasol, Aptos, CA 95003"
"$262,500",1 bd,1 ba,741 sqft,"4560 60th St UNIT 20, San Diego, CA 92115"
"$262,500",1 bd,1 ba,741 sqft,"4560 60th St UNIT 14, San Diego, CA 92115"
"$100,000",2 bds,1 ba,840 sqft,"411 W Santa Ana Ave APT 4, Clovis, CA 93612"
"$374,900",2 bds,2 ba,938 sqft,"3565 Linden Ave UNIT 252, Long Beach, CA 90807"
"$439,999",3 bds,2 ba,"1,203 sqft","9447 Gold Coast Dr UNIT G1, San Diego, CA 92126"
"$688,000",1 bd,1 ba,720 sqft,"175 Bluxome St UNIT 115, San Francisco, CA 94107"
"$659,000",3 bds,3 ba,"1,367 sqft","3 Kirra Ct, Aliso Viejo, CA 92656"
"$1,129,000",2 bds,1 ba,940 sqft,"840 Lake St APT 4, San Francisco, CA 94118"
"$428,000",3 bds,3 ba,"1,530 sqft","2314 Via Puerta UNIT C, Laguna Woods, CA 92637"
"$210,000",2 bds,2 ba,"1,057 sqft","674 Via Mendoza N #N, Laguna Woods, CA 92637"
"$955,000",1 bd,2 ba,"1,240 sqft","13320 Beach Ave APT 202, Los Angeles, CA 90292"
"$539,888",2 bds,2 ba,"1,236 sqft","3220 Merrill Dr APT 18, Torrance, CA 90503"
"$649,888",2 bds,2 ba,"1,111 sqft","330 Cordova St UNIT 357, Pasadena, CA 91101"
"$454,000",3 bds,2 ba,"1,210 sqft","7551 Jordan Ave UNIT 202, Canoga Park, CA 91303"
"$230,000",1 bd,1 ba,573 sqft,"4860 Rolando Ct UNIT 25, San Diego, CA 92115"
"$149,900",2 bds,2 ba,"1,056 sqft","44544 15th St E UNIT 9, Lancaster, CA 93535"
"$999,000",3 bds,2 ba,"1,420 sqft","3321 22nd St #1, San Francisco, CA 94110"
"$395,990",2 bds,2 ba,963 sqft,"25152 Steinbeck Ave UNIT F, Newhall, CA 91381"
"$648,800",2 bds,2 ba,"1,040 sqft","3695 Stevenson Blvd #D319, Fremont, CA 94538"
"$165,000",1 bd,1 ba,800 sqft,"13860 Canoe Brook Dr #M3-5D, Seal Beach, CA 90740"
"$479,000",2 bds,2 ba,"1,431 sqft","17465 Plaza Abierto UNIT 13, San Diego, CA 92128"
"$1,499,000",4 bds,3 ba,"2,173 sqft","5021 Diamond Heights Blvd, San Francisco, CA 94131"
"$290,000",2 bds,2 ba,"1,101 sqft","44704 Adam Ln, Temecula, CA 92592"
"$335,000",2 bds,2 ba,"1,227 sqft","4008 Calle Sonora Oeste UNIT 1F, Laguna Woods, CA 92637"
"$799,000",6 bds,2 ba,"2,302 sqft","260 Baurer Cir, Folsom, CA 95630"
"$201,250",2 bds,1 ba,753 sqft,"4404 Delta St UNIT 30, San Diego, CA 92113"
"$639,000",3 bds,3 ba,"1,824 sqft","11427 Hanover Ct, Cerritos, CA 90703"
"$149,000",2 bds,2 ba,"1,177 sqft","28733 E Portales Dr, Cathedral City, CA 92234"
"$434,000",5 bds,3 ba,"2,256 sqft","8503 Burns Pl, Stockton, CA 95209"
"$355,000",2 bds,2 ba,"1,003 sqft","8836 Spring Canyon Dr, Spring Valley, CA 91977"
"$299,995",2 bds,2 ba,"1,159 sqft","41410 Juniper St UNIT 2812, Murrieta, CA 92562"
"$460,000",2 bds,3 ba,"1,440 sqft","19558 Laroda Ln, Santa Clarita, CA 91350"
"$999,000",3 bds,2 ba,"1,418 sqft","881 39th Ave, San Francisco, CA 94121"
"$265,900",3 bds,3 ba,"2,029 sqft","14158 Kiowa Rd #406, Apple Valley, CA 92307"
"$1,479,000",2 bds,1.5 ba,"1,720 sqft","132 Funston Ave, San Francisco, CA 94118"
"$497,000",3 bds,2 ba,"1,716 sqft","3342 Minniear Ave, Modesto, CA 95357"
"$500,000",1 bd,2 ba,760 sqft,"11 S 3rd St UNIT 431, Alhambra, CA 91801"
"$245,000",3 bds,1 ba,851 sqft,"322 W Macdonald Ave, Richmond, CA 94801"
"$229,000",1 bd,1 ba,720 sqft,"18530 Hatteras St UNIT 222, Los Angeles, CA 91356"
"$674,950",3 bds,3 ba,"1,560 sqft","5016 Bakman Ave #303, North Hollywood, CA 91601"
"$340,000",2 bds,2 ba,"1,404 sqft","1323 N Spurgeon St APT 4C, Santa Ana, CA 92701"
"$369,000",2 bds,3 ba,"1,204 sqft","74 Carriage Way, Pomona, CA 91766"
"$624,990",3 bds,3 ba,"1,476 sqft","306 Alienta Ln, Rancho Mission Viejo, CA 92694"
"$269,500",3 bds,2 ba,"1,245 sqft","8434 Walerga Rd APT 524, Antelope, CA 95843"
"$1,005,000",2 bds,2 ba,"1,094 sqft","875 La Playa St APT 471, San Francisco, CA 94121"
"$599,900",2 bds,2 ba,922 sqft,"988 Franklin St APT 808, Oakland, CA 94607"
"$319,000",1 bd,1 ba,524 sqft,"4099 Howe St APT 204, Oakland, CA 94611"
"$657,000",1 bd,1 ba,908 sqft,"100 S Alameda St UNIT 317, Los Angeles, CA 90012"
"$179,500",2 bds,2 ba,"1,009 sqft","661 Avenida Sevilla UNIT D, Laguna Woods, CA 92637"
"$459,000",2 bds,2 ba,"1,092 sqft","820 Encinitas Blvd APT 102, Encinitas, CA 92024"
"$349,975",2 bds,2 ba,861 sqft,"11406 Via Rancho San Diego UNIT 22, El Cajon, CA 92019"
"$244,950",4 bds,2 ba,"1,196 sqft","920 W Roselawn Ave, Modesto, CA 95351"
"$338,000",Studio,1 ba,426 sqft,"1255 N Harper Ave APT 3, West Hollywood, CA 90046"
"$1,995,000",2 bds,2 ba,"2,008 sqft","2140 Bush St APT 6, San Francisco, CA 94115"
"$25,000,000",4 bds,4 ba,"5,360 sqft","2000 Washington St #7, San Francisco, CA 94109"
"$390,000",2 bds,2 ba,960 sqft,"16040 Leffingwell Rd UNIT 115, Whittier, CA 90603"
"$499,000",2 bds,2 ba,"1,082 sqft","12602 Springbrook Dr UNIT A, San Diego, CA 92128"
"$700,000",2 bds,2 ba,"1,258 sqft","24242 Santa Clara Ave APT 33, Dana Point, CA 92629"
"$1,250,000",2 bds,2 ba,"1,218 sqft","403 Main St APT 307N, San Francisco, CA 94105"
"$399,000",1 bd,1 ba,504 sqft,"156 S Oak Knoll Ave APT 102, Pasadena, CA 91101"
"$455,000",2 bds,2 ba,981 sqft,"855 Victor Ave APT 111, Inglewood, CA 90302"
"$475,000",2 bds,2 ba,871 sqft,"75 Alberti Aisle #341, Irvine, CA 92614"
"$186,500",2 bds,1 ba,847 sqft,"2008 Via Mariposa W #H, Laguna Woods, CA 92637"
"$625,000",3 bds,2 ba,"1,442 sqft","345 N Kenwood St APT 105, Glendale, CA 91206"
"$379,900",2 bds,1 ba,625 sqft,"3030 Valle Vista Dr APT 16, Los Angeles, CA 90065"
"$329,998",1 bd,1 ba,881 sqft,"1253 Tivoli Ln UNIT 30, Simi Valley, CA 93065"
"$150,000",1 bd,1 ba,600 sqft,"1310 Knollwood Rd #M4-43B, Seal Beach, CA 90740"
"$699,888",2 bds,2 ba,998 sqft,"7206 Admiralty Ln, Foster City, CA 94404"
"$385,000",2 bds,2 ba,832 sqft,"330 N Rural Dr APT 307, Monterey Park, CA 91755"
"$739,950",3 bds,3 ba,"1,704 sqft","1108 Martin Luther King Dr, Hayward, CA 94541"
"$399,888",2 bds,2 ba,"1,000 sqft","725 Auburn Pl APT 101, Hayward, CA 94544"
"$330,000",1 bd,1 ba,682 sqft,"2208 River Run Dr, San Diego, CA 92108"
"$775,000",1 bd,1 ba,528 sqft,"1340 Union St #A, San Francisco, CA 94109"
"$459,000",2 bds,2 ba,770 sqft,"856 N Van Ness Ave APT 4, Los Angeles, CA 90038"
"$649,000",2 bds,3 ba,"3,002 sqft","2106 S Palm Canyon Dr, Palm Springs, CA 92264"
"$759,000",2 bds,2 ba,"1,540 sqft","332 S Oxford Ave APT 303, Los Angeles, CA 90020"
"$250,000",1 bd,1 ba,472 sqft,"16845 Hatteras St #171, Tarzana, CA 91356"
"$1,099,000",1 bd,1 ba,"1,032 sqft","101 Lombard St APT 315E, San Francisco, CA 94111"
"$2,595,000",2 bds,2 ba,"1,306 sqft","2829 California St APT 3, San Francisco, CA 94115"
"$349,000",1 bd,1 ba,578 sqft,"360 Cabrillo Rd APT 116, Palm Springs, CA 92262"
"$430,000",1 bd,2 ba,658 sqft,"235 Mira Mar Ave UNIT 3, Long Beach, CA 90803"
"$520,000",2 bds,2 ba,"1,296 sqft","722 Barcelona Ave, Davis, CA 95616"
"$759,000",3 bds,3 ba,"1,208 sqft","11286 Westminster Ave APT 305, Los Angeles, CA 90066"
"$575,000",1 bd,1 ba,669 sqft,"2401 Valdez St, Oakland, CA 94612"
"$599,000",2 bds,1 ba,934 sqft,"576 W Parr Ave UNIT 15, Los Gatos, CA 95032"
"$446,900",2 bds,2.75 ba,"1,231 sqft","354 Joaquin Rd, Mammoth Lakes, CA 93546"
"$540,000",2 bds,2 ba,"1,211 sqft","1340 Las Juntas Way APT G, Walnut Creek, CA 94597"
"$375,000",1 bd,1 ba,633 sqft,"209 Springview, Irvine, CA 92620"
"$355,000",3 bds,3 ba,"1,842 sqft","8152 Maderia Port Ln, Fair Oaks, CA 95628"
"$345,000",3 bds,2 ba,"1,080 sqft","473 N 6th Ave, Oakdale, CA 95361"
"$519,888",3 bds,2 ba,"1,181 sqft","2724 Oak Rd APT 87, Walnut Creek, CA 94597"
"$380,000",2 bds,2 ba,"1,333 sqft","1369 Yermo Dr S #46, Palm Springs, CA 92262"
"$589,000",2 bds,2 ba,962 sqft,"4900 Overland Ave UNIT 305, Culver City, CA 90230"
"$229,000",2 bds,2 ba,"1,064 sqft","2391 Alta Garden Ln, Sacramento, CA 95825"
"$535,000",3 bds,2 ba,"1,121 sqft","10 Raleigh St, Irvine, CA 92604"
"$550,000",2 bds,2 ba,"1,061 sqft","1406 Clay St #J, Newport Beach, CA 92663"
"$474,900",3 bds,3 ba,"1,438 sqft","24119 Sylvan Glen Rd UNIT A, Diamond Bar, CA 91765"
"$620,000",2 bds,2 ba,"1,342 sqft","902 Bel Marin Keys Blvd, Novato, CA 94949"
"$255,000",2 bds,2 ba,"1,009 sqft","2141 Ronda Granada UNIT N, Laguna Woods, CA 92637"
"$265,000",1 bd,1 ba,600 sqft,"333 W 4th St APT 13, Long Beach, CA 90802"
"$410,000",2 bds,2 ba,986 sqft,"4444 W Point Loma Blvd UNIT 53, San Diego, CA 92107"
"$795,000",3 bds,3 ba,"1,770 sqft","1 Ocean Mist, Aliso Viejo, CA 92656"
"$335,000",1 bd,1 ba,757 sqft,"112 Village Bay #1, Lake Arrowhead, CA 92352"
"$445,000",1 bd,1 ba,728 sqft,"1435 N Fairfax Ave APT 5, West Hollywood, CA 90046"
"$1,495,000",2 bds,2 ba,966 sqft,"4825 Sandyland Rd APT 6, Carpinteria, CA 93013"
"$139,000",1 bd,1 ba,700 sqft,"163 N Center St, Redlands, CA 92373"
"$190,000",2 bds,2 ba,"1,009 sqft","465 Avenida Sevilla UNIT Q, Laguna Hills, CA 92637"
"$455,000",3 bds,2 ba,"1,158 sqft","22944 Via Pimiento #2B, Mission Viejo, CA 92691"
"$134,990",3 bds,2 ba,"1,174 sqft","2604 Pinon Springs Cir APT C, Bakersfield, CA 93309"
"$549,000",1 bd,1 ba,632 sqft,"1650 Jackson St APT 303, San Francisco, CA 94109"
"$468,000",3 bds,3 ba,"1,183 sqft","5879 Western Ave, Buena Park, CA 90621"
"$316,000",1 bd,1 ba,710 sqft,"20702 El Toro Rd APT 307, Lake Forest, CA 92630"
"$549,000",2 bds,2 ba,978 sqft,"8533 Villa La Jolla Dr APT E, La Jolla, CA 92037"
"$349,900",2 bds,1 ba,962 sqft,"725 Larch St APT 12, Inglewood, CA 90301"
"$325,000",2 bds,2 ba,"1,089 sqft","725 E 4th Ave UNIT B, Escondido, CA 92025"
"$1,188,000",2 bds,2 ba,"1,395 sqft","623 Portofino Ln, Foster City, CA 94404"
"$694,888",3 bds,3 ba,"1,472 sqft","12631 Doral, Tustin, CA 92782"
"$435,000",2 bds,2 ba,"1,228 sqft","4140 Workman Mill Rd UNIT 287, Whittier, CA 90601"
"$385,000",2 bds,2 ba,"1,188 sqft","1470 Gustavo St UNIT D, El Cajon, CA 92019"
"$515,000",2 bds,2 ba,955 sqft,"6 Remington, Irvine, CA 92620"
"$579,000",3 bds,2 ba,"1,138 sqft","1624 Cypress Ave APT 7B, San Diego, CA 92103"
"$739,000",3 bds,4 ba,"2,842 sqft","11861 Lake Wildwood Dr, Penn Valley, CA 95946"
"$555,000",2 bds,2 ba,955 sqft,"601 S Prospect Ave UNIT 201, Redondo Beach, CA 90277"
"$449,800",2 bds,2 ba,"1,049 sqft","3131 Laurel Ave UNIT 13, Fullerton, CA 92835"
"$349,000",2 bds,2 ba,963 sqft,"617 3rd Ave APT 2, Chula Vista, CA 91910"
"$349,000",2 bds,2 ba,963 sqft,"617 3rd Ave APT 2, Chula Vista, CA 91910"
"$950,000",2 bds,3 ba,"2,533 sqft","2003 Retreat Cir, Palm Desert, CA 92260"
"$999,000",2 bds,2 ba,-- sqft,"3426 22nd St, San Francisco, CA 94110"
"$189,900",2 bds,2 ba,"1,183 sqft","25644 Sharp Dr APT J, Hemet, CA 92544"
"$359,000",1 bd,1 ba,585 sqft,"777 6th Ave UNIT 232, San Diego, CA 92101"
"$320,000",Studio,1 ba,460 sqft,"215 W 7th St APT 1209, Los Angeles, CA 90014"
"$449,900",2 bds,2 ba,"1,062 sqft","3 Escarlata, Rancho Santa Margarita, CA 92688"
"$895,000",2 bds,2 ba,"1,300 sqft","2131 Century Park Ln APT 113, Los Angeles, CA 90067"
"$299,000",2 bds,1 ba,836 sqft,"2438 Pepper St, La Verne, CA 91750"
"$599,888",2 bds,2 ba,"1,052 sqft","40425 Chapel Way APT 309, Fremont, CA 94538"
"$998,000",3 bds,2 ba,"1,551 sqft","1500 E Ocean Blvd UNIT 508, Long Beach, CA 90802"
"$899,000",2 bds,1 ba,855 sqft,"2124 Hyde St APT 1, San Francisco, CA 94109"
"$364,373",2 bds,2 ba,900 sqft,"150 Branch St #253, Pismo Beach, CA 93449"
"$849,000",2 bds,2 ba,876 sqft,"914 3rd St APT 6, Santa Monica, CA 90403"
"$539,000",2 bds,2 ba,995 sqft,"965 Shorepoint Ct APT 208, Alameda, CA 94501"
"$842,000",3 bds,2 ba,"1,889 sqft","139 La Perdiz Ct, San Rafael, CA 94903"
"$774,888",2 bds,2 ba,"1,103 sqft","1487 Cherry Cir, Milpitas, CA 95035"
"$575,000",2 bds,2 ba,"1,080 sqft","881 Thomas Ave APT 19, San Diego, CA 92109"
"$400,000",2 bds,2 ba,"1,052 sqft","9889 Scripps Westview Way UNIT 106, San Diego, CA 92131"
"$599,000",2 bds,2 ba,878 sqft,"860 Turquoise St UNIT 221, San Diego, CA 92109"
"$279,999",2 bds,2 ba,965 sqft,"233 S Ventura Rd UNIT 136, Port Hueneme, CA 93041"
"$409,900",3 bds,3 ba,"1,366 sqft","8692 9th St UNIT 5, Rancho Cucamonga, CA 91730"
"$299,000",Studio,1 ba,460 sqft,"1030 E Ocean Blvd UNIT 111, Long Beach, CA 90802"
"$18,500,000",3 bds,4 ba,"3,850 sqft","9040 W Sunset Blvd PENTHOUSE B, West Hollywood, CA 90069"
"$489,000",2 bds,2 ba,"1,288 sqft","31 Oliva Dr #E, Novato, CA 94947"
"$519,000",2 bds,2 ba,"1,275 sqft","435 Lakeview Blvd, Mammoth Lakes, CA 93546"
"$689,000",3 bds,2 ba,"1,456 sqft","2146 Watermarke Pl, Irvine, CA 92612"
"$329,000",3 bds,2 ba,"1,368 sqft","531 Preston Ave, Ione, CA 95640"
"$948,000",2 bds,2 ba,721 sqft,"4380 17th St #B, San Francisco, CA 94114"
"$265,000",2 bds,2 ba,"1,200 sqft","13342 Del Monte Dr #5K, Seal Beach, CA 90740"
"$674,900",4 bds,3 ba,"2,365 sqft","2990 Ridgeview Dr, El Dorado Hills, CA 95762"
"$699,999",3 bds,4 ba,"1,418 sqft","3030 Beachwood Bluff Way, San Diego, CA 92117"
"$468,000",3 bds,3 ba,"1,166 sqft","1700 W Cerritos Ave UNIT 283, Anaheim, CA 92804"
"$3,300,000",4 bds,3 ba,"2,405 sqft","2756 Greenwich St, San Francisco, CA 94123"
"$529,000",3 bds,2 ba,"1,206 sqft","11 Dover Pl #11, Laguna Niguel, CA 92677"
"$349,950",3 bds,2 ba,"1,298 sqft","772 Katie Way, Turlock, CA 95380"
"$379,000",2 bds,2 ba,992 sqft,"1202 Donax Ave UNIT 3, Imperial Beach, CA 91932"
"$449,900",3 bds,2 ba,"1,315 sqft","1854 Marielle Pl UNIT 611, Chula Vista, CA 91913"
"$899,000",3 bds,3 ba,"3,136 sqft","11 Mount Holyoke, Rancho Mirage, CA 92270"
"$469,000",2 bds,1 ba,622 sqft,"4439 Lockwood Ave #1/2, Los Angeles, CA 90029"
"$1,298,000",2 bds,2 ba,"1,084 sqft","2075 Sutter St APT 513, San Francisco, CA 94115"
"$379,000",2 bds,2 ba,"1,147 sqft","424 Arbor Lane Ct APT 103, Thousand Oaks, CA 91360"
"$310,000",4 bds,2 ba,"1,421 sqft","20 Paradise Valley N, Carson, CA 90745"
"$373,500",3 bds,2 ba,"1,149 sqft","783 Shasta Oaks Ct, Roseville, CA 95678"
"$309,000",4 bds,2 ba,"1,474 sqft","1541 Ironside Dr, Modesto, CA 95358"
"$399,900",2 bds,2 ba,"1,278 sqft","14863 Reynosa Dr, Rancho Murieta, CA 95683"
"$386,190",3 bds,3 ba,"1,432 sqft","7155 Citrus Ave #413, Fontana, CA 92336"
"$370,000",2 bds,2 ba,"1,160 sqft","4900 N Grand Ave APT 120, Covina, CA 91724"
"$450,000",2 bds,1 ba,828 sqft,"247 N Capitol Ave UNIT 225, San Jose, CA 95127"
"$525,000",3 bds,3 ba,"1,700 sqft","22030 Barrington Way, Santa Clarita, CA 91350"
"$264,900",3 bds,2 ba,"1,191 sqft","8845 La Riviera Dr UNIT C, Sacramento, CA 95826"
"$795,000",1 bd,1 ba,705 sqft,"930 Pine St APT 301, San Francisco, CA 94108"
"$322,500",2 bds,3 ba,"1,250 sqft","2538 Duet Dr, West Sacramento, CA 95691"
"$562,500",3 bds,3 ba,"1,420 sqft","23 Via Barcelona, Rancho Santa Margarita, CA 92688"
"$145,000",3 bds,3 ba,"1,575 sqft","833 Wensley Ave, El Centro, CA 92243"
"$464,000",2 bds,2 ba,832 sqft,"112 N Avenue 66 APT 4, Los Angeles, CA 90042"
"$575,000",2 bds,2 ba,885 sqft,"4913 Indian Wood Rd UNIT 606, Culver City, CA 90230"
"$429,000",2 bds,2 ba,890 sqft,"1001 Belmont Ave UNIT 209, Long Beach, CA 90804"
"$371,490",1 bd,1 ba,750 sqft,"55 Page St APT 315, San Francisco, CA 94102"
"$529,990",3 bds,2 ba,"1,143 sqft","14 Celosia, Rancho Santa Margarita, CA 92688"
"$948,000",2 bds,2 ba,"1,261 sqft","765 N Rengstorff Ave APT 18, Mountain View, CA 94043"
"$649,000",2 bds,1.5 ba,858 sqft,"625 Larkin St #7, San Francisco, CA 94109"
"$599,999",2 bds,2 ba,"1,080 sqft","113 Avenida Del Presidente #5, San Clemente, CA 92672"
"$199,000",2 bds,1 ba,875 sqft,"9153 Newhall Dr APT 107, Sacramento, CA 95826"
"$269,900",3 bds,2 ba,"1,119 sqft","3084 Panorama Rd APT B, Riverside, CA 92506"
"$419,999",2 bds,2 ba,"1,223 sqft","5123 Cribari Pl, San Jose, CA 95135"
"$2,499,000",2 bds,2 ba,"1,324 sqft","1705 Ocean Ave UNIT 509, Santa Monica, CA 90401"
"$850,000",3 bds,3 ba,"1,763 sqft","3063 Blackberry Ave, San Ramon, CA 94582"
"$324,900",2 bds,2 ba,910 sqft,"21219 Roscoe Blvd UNIT 114, Los Angeles, CA 91304"
"$495,000",2 bds,2 ba,"1,040 sqft","17811 Corte Huasco UNIT 69, San Diego, CA 92128"
"$349,990",1 bd,1 ba,729 sqft,"12200 Montecito Rd APT B120, Seal Beach, CA 90740"
"$269,000",1 bd,1 ba,675 sqft,"6275 Rancho Mission Rd UNIT 315, San Diego, CA 92108"
"$765,000",2 bds,3 ba,"1,234 sqft","120 Jadestone, Irvine, CA 92603"
"$749,000",2 bds,2 ba,-- sqft,"5950 Encina Rd UNIT 2, Goleta, CA 93117"
"$585,000",3 bds,3 ba,"2,071 sqft","2336 Applewood Cir #72, Fullerton, CA 92833"
"$265,000",2 bds,2 ba,912 sqft,"78493 Magenta Dr, La Quinta, CA 92253"
"$339,000",2 bds,2 ba,"1,320 sqft","27 Palma Dr, Rancho Mirage, CA 92270"
"$1,495,000",2 bds,1.5 ba,"1,962 sqft","47 Beideman St, San Francisco, CA 94115"
"$299,900",1 bd,1 ba,685 sqft,"23288 Orange Ave APT 3, Lake Forest, CA 92630"
"$879,000",2 bds,2.5 ba,"2,500 sqft","2805 Harrison St, San Francisco, CA 94110"
"$799,000",3 bds,3 ba,"1,897 sqft","1976 Waltonia Dr APT 7, Montrose, CA 91020"
"$327,500",4 bds,3 ba,"1,808 sqft","1318 Rover Ln UNIT D, Beaumont, CA 92223"
"$505,000",3 bds,3 ba,"1,179 sqft","19864 White Spring Ln, Yorba Linda, CA 92886"
"$155,000",1 bd,1 ba,589 sqft,"2822 N Auburn Ct UNIT E215, Palm Springs, CA 92262"
"$570,000",2 bds,2 ba,"1,181 sqft","230 S Madison Ave APT 206, Pasadena, CA 91101"
"$210,000",2 bds,2 ba,864 sqft,"1520 Coulston St APT 39, San Bernardino, CA 92408"
"$928,000",2 bds,2 ba,"1,456 sqft","3715 Terstena Pl APT 204, Santa Clara, CA 95051"
"$598,000",1 bd,1 ba,756 sqft,"181 Del Medio Ave APT 208, Mountain View, CA 94040"
"$119,900",2 bds,2 ba,"1,324 sqft","55893 Santa Fe Trl, Yucca Valley, CA 92284"
"$359,900",2 bds,2 ba,"1,138 sqft","1010 Eleanor Ave, Rohnert Park, CA 94928"
"$769,900",3 bds,2 ba,"1,491 sqft","17 Wildbrook, Irvine, CA 92614"
"$229,000",2 bds,2 ba,840 sqft,"112 Luna Grande Cir UNIT 34, Sacramento, CA 95834"
"$899,000",3 bds,4 ba,"1,901 sqft","821 Blue Opal Dr, San Jose, CA 95123"
"$749,000",2 bds,1 ba,649 sqft,"717 Raymond Ave APT 4, Santa Monica, CA 90405"
"$639,000",2 bds,3 ba,"1,289 sqft","89 Rue Du Chateau #10, Aliso Viejo, CA 92656"
"$145,000",3 bds,2 ba,"1,128 sqft","35531 Graciosa Ct, Rancho Mirage, CA 92270"
"$1,199,000",3 bds,2 ba,"1,380 sqft","852 45th Ave, San Francisco, CA 94121"
"$385,000",3 bds,3 ba,"1,873 sqft","637 Calle Vibrante, Palm Desert, CA 92211"
"$140,000",2 bds,1 ba,"1,023 sqft","5301 Dunsmuir Rd APT 2, Bakersfield, CA 93309"
"$325,880",2 bds,2 ba,805 sqft,"2332 E 17th St UNIT 103, Long Beach, CA 90804"
"$350,000",2 bds,2 ba,870 sqft,"1200 Ohio Ave APT 5, Long Beach, CA 90804"
"$335,000",2 bds,2 ba,966 sqft,"9166 Cerritos Ave UNIT 90, Anaheim, CA 92804"
"$319,000",1 bd,1 ba,646 sqft,"2501 W Redondo Beach Blvd APT 225, Gardena, CA 90249"
"$799,900",3 bds,3 ba,"2,000 sqft","25 Vista Del Ponto #60, San Clemente, CA 92672"
"$339,000",1 bd,1 ba,685 sqft,"5 Clover Ln #353, Aliso Viejo, CA 92656"
"$612,888",2 bds,1 ba,942 sqft,"5425 Colony Green Dr, San Jose, CA 95123"
"$497,000",3 bds,3 ba,"1,346 sqft","6909 E Gage Ave, Commerce, CA 90040"
"$699,000",3 bds,3 ba,"1,650 sqft","24 Dragonfly St, Irvine, CA 92604"
"$244,800",1 bd,1 ba,578 sqft,"6330 Genesee Ave UNIT 106, San Diego, CA 92122"
"$785,900",2 bds,2 ba,"1,155 sqft","66 Barranca Ave APT 4, Santa Barbara, CA 93109"
"$549,000",1 bd,1 ba,647 sqft,"960 Larrabee St APT 215, West Hollywood, CA 90069"
"$399,000",3 bds,3 ba,"1,361 sqft","16710 Orange Ave #74, Paramount, CA 90723"
"$309,900",1 bd,1 ba,680 sqft,"803 Canyon Blvd #11, Mammoth Lakes, CA 93546"
"$375,000",2 bds,2 ba,946 sqft,"1630 Neil Armstrong St UNIT 206, Montebello, CA 90640"
"$725,000",1 bd,1 ba,855 sqft,"616 Page St #B, San Francisco, CA 94117"
"$715,000",1 bd,1 ba,555 sqft,"3235 Gough St APT 205, San Francisco, CA 94123"
"$506,000",2 bds,2 ba,1 sqft,"11074 Portobelo Dr, San Diego, CA 92124"
"$1,875,000",4 bds,4 ba,"1,893 sqft","341 N Rengstorff Ave, Mountain View, CA 94043"
"$359,900",3 bds,2 ba,"1,972 sqft","42300 Adams St, Bermuda Dunes, CA 92203"
"$870,000",3 bds,2 ba,"1,360 sqft","180 Troon Way #18, Half Moon Bay, CA 94019"
"$438,000",3 bds,2 ba,"1,057 sqft","1558 Bittern Ct, Ventura, CA 93003"
"$1,380,000",2 bds,2 ba,"1,295 sqft","11848 Coral Reef Ln, Malibu, CA 90265"
"$425,000",2 bds,2 ba,"1,054 sqft","17904 Irvine Blvd #53, Tustin, CA 92780"
"$879,000",2 bds,1 ba,768 sqft,"3311 Fillmore St APT 205, San Francisco, CA 94123"
"$1,185,000",3 bds,2 ba,"1,568 sqft","1000 Dewing Ave UNIT 307, Lafayette, CA 94549"
"$665,000",2 bds,3 ba,"1,300 sqft","96 Almador #205, Irvine, CA 92614"
"$250,000",1 bd,1 ba,420 sqft,"325 W 3rd St UNIT 304, Long Beach, CA 90802"
"$399,900",2 bds,2 ba,"1,158 sqft","31569 Lindero Canyon Rd UNIT 4, Westlake Village, CA 91361"
"$365,000",2 bds,2 ba,909 sqft,"16003 Pioneer Blvd #2B, Norwalk, CA 90650"
"$879,000",4 bds,3 ba,"1,740 sqft","7006 Valmont St UNIT A, Los Angeles, CA 91042"
"$319,900",2 bds,2 ba,"1,324 sqft","34 Calle Aragon UNIT A, Laguna Woods, CA 92637"
"$899,000",1 bd,1 ba,962 sqft,"250 King St UNIT 1414, San Francisco, CA 94107"
"$495,000",2 bds,2 ba,"1,117 sqft","22963 Nadine Cir UNIT B, Torrance, CA 90505"
"$439,000",1 bd,1 ba,668 sqft,"1 Embarcadero W #155, Oakland, CA 94607"
"$1,249,000",2 bds,2 ba,"1,256 sqft","311 2nd St APT 811, Oakland, CA 94607"
"$575,000",2 bds,2 ba,813 sqft,"4000 Meridian Blvd #337, Mammoth Lakes, CA 93546"
"$550,000",1 bd,1 ba,744 sqft,"1310 Fillmore St APT 308, San Francisco, CA 94115"
"$599,000",3 bds,2 ba,"1,460 sqft","3481 Stancrest Dr UNIT 219, Glendale, CA 91208"
"$485,000",2 bds,2 ba,"1,177 sqft","444 S Tustin St APT K4, Orange, CA 92866"
"$549,000",2 bds,2 ba,"1,487 sqft","14 Paseo Luna, San Clemente, CA 92673"
"$699,995",2 bds,2 ba,942 sqft,"625 N Flores St APT 204, West Hollywood, CA 90048"
"$305,000",3 bds,3 ba,"1,457 sqft","577 La Verne St, Redlands, CA 92373"
"$419,500",3 bds,2 ba,"1,080 sqft","3591 Ruffin Rd UNIT 226, San Diego, CA 92123"
"$817,064",3 bds,2 ba,"1,154 sqft","42111 Osgood Rd UNIT 230, Fremont, CA 94539"
"$817,064+",3 bds,2 ba,"1,154 sqft","Savant Plan C2 Plan, Savant at Irvington"
"$389,950",1 bd,1 ba,622 sqft,"980 Kiely Blvd UNIT 203, Santa Clara, CA 95051"
"$550,000",2 bds,1 ba,800 sqft,"4410 Edgewood Ave #A, Oakland, CA 94602"
"$399,000",Studio,1 ba,454 sqft,"950 N Kings Rd UNIT 340, West Hollywood, CA 90069"
"$549,000",3 bds,3 ba,"1,536 sqft","1038 S Garfield Ave, Monterey Park, CA 91754"
"$269,000",2 bds,2 ba,"1,079 sqft","5326 Bahia Blanca W UNIT B, Laguna Woods, CA 92637"
"$585,000",2 bds,1 ba,850 sqft,"35 Western Shore Ln APT 6, San Francisco, CA 94115"
"$837,064",3 bds,2 ba,"1,154 sqft","42111 Osgood Rd UNIT 430, Fremont, CA 94539"
"$429,900",2 bds,1 ba,798 sqft,"2139 Eric Ct #4, Union City, CA 94587"
"$825,800+",3 bds,2 ba,"1,118 sqft","Savant Plan C1 Plan, Savant at Irvington"
"$829,000",3 bds,3 ba,"1,457 sqft","786 Fairway Cir, Mammoth Lakes, CA 93546"
"$325,000",3 bds,3 ba,"1,548 sqft","41527 Blue Canyon Ave UNIT 6, Murrieta, CA 92562"
"$470,000",3 bds,2 ba,"1,187 sqft","20885 Serrano Creek Rd #79, Lake Forest, CA 92630"
"$908,000",3 bds,2 ba,"1,550 sqft","112 Crescent Ct, Brisbane, CA 94005"
"$949,000",3 bds,3 ba,"1,573 sqft","275 Calle Esperanza, Santa Barbara, CA 93105"
"$335,000",2 bds,2 ba,"1,095 sqft","4900 N Grand Ave APT 237, Covina, CA 91724"
"$335,000",2 bds,2 ba,"1,095 sqft","4900 N Grand Ave APT 237, Covina, CA 91724"
"$499,500",2 bds,1 ba,610 sqft,"323 29th St #C101, San Francisco, CA 94131"
"$175,995",2 bds,2 ba,"1,040 sqft","766 Calle Aragon UNIT P, Laguna Woods, CA 92637"
"$345,000",1 bd,1 ba,653 sqft,"1775 Diamond St UNIT 136, San Diego, CA 92109"
"$545,000",2 bds,1 ba,"1,039 sqft","250 Forest Ridge Rd UNIT 48, Monterey, CA 93940"
"$624,900",2 bds,2 ba,"1,236 sqft","6124 Buckingham Pkwy UNIT 103, Culver City, CA 90230"
"$825,000",4 bds,3 ba,"3,059 sqft","8635 Marsh Creek Ct, Roseville, CA 95747"
"$362,500",2 bds,2 ba,"1,166 sqft","16551 Grunion #302, Huntington Beach, CA 92649"
"$729,000",2 bds,3 ba,"1,310 sqft","350 11th Ave UNIT 1129, San Diego, CA 92101"
"$2,695,000",2 bds,2.5 ba,"1,482 sqft","239 Brannan St UNIT 18A, San Francisco, CA 94107"
"$379,990",2 bds,1 ba,875 sqft,"2941 C St UNIT 469, San Diego, CA 92102"
"$473,900",3 bds,2 ba,"1,001 sqft","893 Vallejo Ave, Simi Valley, CA 93065"
"$999,500",2 bds,3 ba,"1,133 sqft","586 Vermont St, San Francisco, CA 94107"
"$167,000",2 bds,1 ba,803 sqft,"11481 Garnet Way APT 1, Auburn, CA 95602"
"$217,000",2 bds,2 ba,939 sqft,"11150 Trinity River Dr APT 35, Rancho Cordova, CA 95670"
"$690,800+",2 bds,2 ba,901 sqft,"Savant Plan B5 Plan, Savant at Irvington"
"$299,000",1 bd,1 ba,794 sqft,"5460 Concord Blvd APT E6, Concord, CA 94521"
"$560,000",2 bds,3 ba,"1,200 sqft","7777 Caminito Monarca UNIT 107, Carlsbad, CA 92009"
"$435,000",2 bds,2 ba,898 sqft,"10750 Droxford St UNIT 3, Cerritos, CA 90703"
"$500,000",4 bds,2 ba,"1,381 sqft","1230 Granada Way, San Marcos, CA 92078"
"$792,880",3 bds,3 ba,"1,580 sqft","213 Steely, Irvine, CA 92614"
"$350,000",2 bds,2 ba,931 sqft,"985 S Idaho St UNIT 55, La Habra, CA 90631"
"$637,920",1 bd,1 ba,934 sqft,"42111 Osgood Rd UNIT 525, Fremont, CA 94539"
"$330,000",2 bds,2 ba,878 sqft,"2521 W Sunflower Ave UNIT P13, Santa Ana, CA 92704"
"$949,000",1 bd,1 ba,862 sqft,"403 Main St APT 816N, San Francisco, CA 94105"
"$298,950",2 bds,2 ba,921 sqft,"4109 W 5th St #48, Santa Ana, CA 92703"
"$659,990",3 bds,2 ba,"1,095 sqft","4826 Hollow Corner Rd UNIT 183, Culver City, CA 90230"
"$498,000",2 bds,2 ba,"1,037 sqft","21372 Brookhurst St UNIT 226, Huntington Beach, CA 92646"
"$450,000",1 bd,1 ba,550 sqft,"870 Harrison St UNIT 303, San Francisco, CA 94107"
"$499,000",2 bds,3 ba,"1,021 sqft","480 N Catalina Ave UNIT 104, Pasadena, CA 91106"
"$419,000",3 bds,2 ba,"1,344 sqft","1690 Bridgeport #97, West Covina, CA 91791"
"$239,000",1 bd,1 ba,535 sqft,"960 E Bonita Ave UNIT 5, Pomona, CA 91767"
"$598,577",1 bd,1 ba,865 sqft,"42111 Osgood Rd UNIT 423, Fremont, CA 94539"
"$549,000",3 bds,3 ba,"1,367 sqft","1723 Drake Ct, Petaluma, CA 94954"
"$299,000",2 bds,2 ba,"1,050 sqft","3905 Clayton Rd APT 16, Concord, CA 94521"
"$950,000",3 bds,2 ba,"1,967 sqft","5413 Via Carrizo #A, Laguna Woods, CA 92637"
"$399,800",2 bds,2 ba,"1,067 sqft","303 Atlas Dr APT 1, Hercules, CA 94547"
"$1,150,000",2 bds,2 ba,950 sqft,"69 Palm Ave APT 4, San Francisco, CA 94118"
"$399,000",3 bds,2 ba,"1,476 sqft","3345 Parkside Dr, Rocklin, CA 95677"
"$240,000",1 bd,1 ba,625 sqft,"6333 College Grove Way UNIT 2204, San Diego, CA 92115"
"$879,000+",3 bds,3 ba,"1,366 sqft","Savant C4 Plan, Savant at Irvington"
"$499,000",1 bd,1 ba,732 sqft,"1250 Cleveland Ave UNIT D217, San Diego, CA 92103"
"$337,900",3 bds,2 ba,"1,408 sqft","39731 Princeton Way UNIT C, Murrieta, CA 92563"
"$296,500",Studio,1 ba,581 sqft,"212 Pacifica Blvd UNIT 202, Watsonville, CA 95076"
"$535,000",2 bds,2 ba,945 sqft,"2510 Torrey Pines Rd UNIT 316, La Jolla, CA 92037"
"$399,000",1 bd,1 ba,520 sqft,"939 S Broadway #104, Los Angeles, CA 90015"
"$249,000",1 bd,1 ba,625 sqft,"6333 College Grove Way UNIT 3104, San Diego, CA 92115"
"$245,000",1 bd,1 ba,625 sqft,"6333 College Grove Way UNIT 3202, San Diego, CA 92115"
"$620,000",2 bds,2 ba,"1,001 sqft","655 S Hope St UNIT 602, Los Angeles, CA 90017"
"$369,000",2 bds,2.5 ba,"1,110 sqft","44 Campo Verde Cir, San Pablo, CA 94806"
"$599,000",1 bd,2 ba,"1,078 sqft","600 Morro Bay Blvd UNIT 203, Morro Bay, CA 93442"
"$219,000",2 bds,2 ba,960 sqft,"2345 S Cherokee Way UNIT 91, Palm Springs, CA 92264"
"$200,000",2 bds,2 ba,735 sqft,"5300 E Waverly Dr APT K3, Palm Springs, CA 92264"
"$335,000",1 bd,1 ba,757 sqft,"112 Village Bay, Lake Arrowhead, CA 92352"
"$599,000",3 bds,4 ba,"1,836 sqft","214 E Jeanette Ln, Santa Ana, CA 92705"
"$11,950,000",3 bds,6 ba,"4,597 sqft","10580 Wilshire Blvd APT 26, Los Angeles, CA 90024"
"$329,000",2 bds,1 ba,950 sqft,"10815 Julius St APT 4, Oakland, CA 94605"
"$272,999",3 bds,2 ba,"1,551 sqft","43334 32nd St W UNIT 2, Lancaster, CA 93536"
"$289,000",1 bd,1 ba,700 sqft,"777 S Citrus Ave APT 138, Azusa, CA 91702"
"$889,430",4 bds,4 ba,"1,848 sqft","251 Steely, Irvine, CA 92614"
"$799,000",1 bd,1 ba,741 sqft,"1 Daniel Burnham Ct APT 1420, San Francisco, CA 94109"
"$598,000",4 bds,3 ba,"1,436 sqft","321 N Lincoln Ave APT E, Monterey Park, CA 91755"
"$245,000",2 bds,2 ba,"1,330 sqft","754 Montana Vista Dr, Palm Desert, CA 92211"
"$379,900",2 bds,2 ba,"1,091 sqft","528 Cedar Ave UNIT 3B, Long Beach, CA 90802"
"$414,700",2 bds,2 ba,"1,066 sqft","4140 Workman Mill Rd UNIT 211, Whittier, CA 90601"
"$339,900",4 bds,2 ba,"1,642 sqft","6913 Navarro Ct, Citrus Heights, CA 95621"
"$289,900",3 bds,2 ba,"1,716 sqft","4341 Main St, Denair, CA 95316"
"$235,000",1 bd,1 ba,506 sqft,"6390 Rancho Mission Rd UNIT 213, San Diego, CA 92108"
"$210,000",3 bds,2 ba,"1,285 sqft","28906 Isleta Ct, Cathedral City, CA 92234"
"$359,000",2 bds,2 ba,840 sqft,"1024 P St UNIT 1, Sacramento, CA 95814"
"$299,880",2 bds,2 ba,949 sqft,"1031 S Palmetto Ave #10, Ontario, CA 91762"
"$1,150,000",3 bds,3 ba,"2,011 sqft","122 Guinness, Irvine, CA 92620"
"$389,900",3 bds,2 ba,"1,113 sqft","20134 Leadwell St UNIT 358, Winnetka, CA 91306"
"$325,000",3 bds,3 ba,"1,472 sqft","28266 Socorro St UNIT 95, Murrieta, CA 92563"
"$409,900",1 bd,1 ba,731 sqft,"85 Smokestone #9, Irvine, CA 92614"
"$575,000",4 bds,3 ba,"1,728 sqft","330 Depot Ct, Fullerton, CA 92832"
"$480,000",3 bds,2 ba,"1,095 sqft","20374 Cranberry Ln UNIT 29, Yorba Linda, CA 92886"
"$325,000",3 bds,2 ba,"1,058 sqft","493 Lighthouse Dr, Vallejo, CA 94590"
"$725,000",1 bd,1 ba,732 sqft,"300 Berry St UNIT 403, San Francisco, CA 94158"
"$399,000",2 bds,2 ba,"1,090 sqft","1476 3rd St, Duarte, CA 91010"
"$299,900",2 bds,2 ba,"1,156 sqft","28397 Socorro St UNIT 34, Murrieta, CA 92563"
"$475,000",1 bd,1 ba,604 sqft,"964 Larrabee St APT 108, West Hollywood, CA 90069"
"$395,000",2 bds,1 ba,886 sqft,"25761 Le Parc UNIT 22, Lake Forest, CA 92630"
"$366,537",1 bd,1 ba,455 sqft,"380 14th St APT 205, San Francisco, CA 94103"
"$199,900",3 bds,2 ba,944 sqft,"1365 Crafton Ave APT 2030, Mentone, CA 92359"
"$399,000",2 bds,2 ba,878 sqft,"4060 Huerfano Ave UNIT 238, San Diego, CA 92117"
"$418,000",4 bds,3 ba,"1,597 sqft","1455 S Reservoir St APT 2, Pomona, CA 91766"
"$377,900",2 bds,2 ba,934 sqft,"1087 Shadowridge Dr UNIT 108, Vista, CA 92081"
"$124,000",1 bd,1 ba,684 sqft,"5644 Hamilton St APT 64, Sacramento, CA 95842"
"$355,000",2 bds,2 ba,693 sqft,"26171 Sanz APT B, Mission Viejo, CA 92691"
"$399,000",1 bd,1 ba,797 sqft,"702 Ash St UNIT 1102, San Diego, CA 92101"
"$189,000",2 bds,2 ba,"1,152 sqft","250 E San Jose Rd UNIT 59, Palm Springs, CA 92264"
"$798,000",2 bds,1 ba,832 sqft,"6444 Geary Blvd, San Francisco, CA 94121"
"$730,000",1 bd,1 ba,847 sqft,"400 Beale St APT 1105, San Francisco, CA 94105"
"$830,000",2 bds,2 ba,"1,040 sqft","11906 Gorham Ave APT 6, Los Angeles, CA 90049"
"$249,000",2 bds,2 ba,"1,152 sqft","997 Woodland St, Hemet, CA 92545"
"$769,000",2 bds,2 ba,"1,235 sqft","30 E Julian St UNIT 102, San Jose, CA 95112"
"$360,000",3 bds,2 ba,"1,400 sqft","349 Harding Ave, Manteca, CA 95336"
"$339,000",2 bds,2 ba,"1,082 sqft","11131 Dodson St, South El Monte, CA 91733"
"$375,000",2 bds,2 ba,"1,141 sqft","26856 Avenue Of The Oaks, Santa Clarita, CA 91321"
"$1,250,000",2 bds,3 ba,"1,750 sqft","851 N Kings Rd APT 101, West Hollywood, CA 90069"
"$559,900",2 bds,2 ba,885 sqft,"6605 Green Valley Cir UNIT 307, Culver City, CA 90230"
"$469,000",2 bds,2 ba,855 sqft,"500 Glenwood Cir APT 422, Monterey, CA 93940"
"$595,000",3 bds,2 ba,"1,346 sqft","270 Dahlia Ave APT 14, Imperial Beach, CA 91932"
"$249,000",1 bd,1 ba,700 sqft,"11813 Runnymede St APT 49, North Hollywood, CA 91605"
"$984,500",3 bds,3 ba,"1,824 sqft","12045 Hoffman St UNIT 207, Studio City, CA 91604"
"$619,000",2 bds,2 ba,824 sqft,"11574 Ohio Ave APT 103, Los Angeles, CA 90025"
"$291,189",1 bd,1 ba,795 sqft,"3950 Ohio St UNIT 319, San Diego, CA 92104"
"$407,000",2 bds,2 ba,"1,026 sqft","7962 Mission Center Ct UNIT I, San Diego, CA 92108"
"$1,395,000",3 bds,2 ba,"1,550 sqft","939 Stanyan St, San Francisco, CA 94117"
"$689,000",1 bd,1 ba,628 sqft,"724 Cole St APT 1, San Francisco, CA 94117"
"$649,000",2 bds,2 ba,"1,090 sqft","325 Ladera St APT 5, Santa Barbara, CA 93101"
"$465,000",3 bds,2 ba,"1,285 sqft","2030 E Santa Clara Ave #H2, Santa Ana, CA 92705"
"$280,000",4 bds,2 ba,"1,406 sqft","51 Lochmoor Cir, Sacramento, CA 95823"
"$614,900",1 bd,1 ba,846 sqft,"1750 E Ocean Blvd UNIT 411, Long Beach, CA 90802"
"$799,000",1 bd,1 ba,630 sqft,"2361 Jackson St #2, San Francisco, CA 94115"
"$405,000",2 bds,2 ba,941 sqft,"7000 S La Cienega Blvd APT 11, Inglewood, CA 90302"
"$349,000",4 bds,4 ba,"2,450 sqft","1156 Fairway Ct #11, Murphys, CA 95247"
"$699,000",2 bds,2 ba,"1,323 sqft","750 S Spaulding Ave APT 320, Los Angeles, CA 90036"
"$389,000",3 bds,2 ba,"1,044 sqft","17179 Chatsworth St UNIT 8, Los Angeles, CA 91344"
